GLAMIRA Apple Watch® Case Apasa,https://cdn-media.glamira.com/media/catalog/product/a/p/apasa_view_2.jpg,18K Rose Gold IP Plated 316L Stainless Steel Adorned With 42 Swarovski Crystals,$283.00,https://www.glamira.com/glamira-apple-watchr-case-apasa.html
GLAMIRA Apple Watch® Case Korseon,https://cdn-media.glamira.com/media/catalog/product/k/o/korseon_view_2_2.jpg,18K Gold  IP Plated 316L Stainless Steel,$566.00,https://www.glamira.com/glamira-apple-watchr-case-apasa.html
GLAMIRA Apple Watch® Case Psara,https://cdn-media.glamira.com/media/catalog/product/p/s/psara_view__2_2.jpg,18K Gold IP Plated 316L Stainless Steel,$220.00,https://www.glamira.com/glamira-apple-watchr-case-korseon.html
GLAMIRA Apple Watch® Case Pahia,https://cdn-media.glamira.com/media/catalog/product/p/a/pahia_view_2_1_1_1.jpg,18K Rose Gold IP Plated 316L Stainless Steel,$440.00,https://www.glamira.com/glamira-apple-watchr-case-korseon.html
GLAMIRA Apple Watch® Case Erinia,https://cdn-media.glamira.com/media/catalog/product/e/r/erinia_view_2_3.jpg,18K Gold  IP Plated 316L Stainless Steel,$220.00,https://www.glamira.com/glamira-apple-watchr-case-psara.html
GLAMIRA Apple Watch® Case Sarakino,https://cdn-media.glamira.com/media/catalog/product/s/a/saraniko_view_2_1_1.jpg,316L Stainless Steel,$440.00,https://www.glamira.com/glamira-apple-watchr-case-psara.html
GLAMIRA Apple Watch® Case Othonoi,https://cdn-media.glamira.com/media/catalog/product/o/t/othonoi_view_2_1.jpg,316L Stainless Steel,$220.00,https://www.glamira.com/glamira-apple-watchr-case-pahia.html
GLAMIRA Apple Watch® Case Minas,https://cdn-media.glamira.com/media/catalog/product/m/i/minas_view_2_1.jpg,316L Stainless Steel Adorned with 42 Swarovski Crystals,$440.00,https://www.glamira.com/glamira-apple-watchr-case-pahia.html
GLAMIRA Apple Watch® Case Rineia,https://cdn-media.glamira.com/media/catalog/product/r/i/rineia_view_2_1.jpg,316L Stainless Steel Adorned with 30 Rainbow Swarovski Crystals,$270.00,https://www.glamira.com/glamira-apple-watchr-case-erinia.html
GLAMIRA Apple Watch® Case Oxeia,https://cdn-media.glamira.com/media/catalog/product/o/x/oxeia_view_2.jpg,316L Stainless Steel,$541.00,https://www.glamira.com/glamira-apple-watchr-case-erinia.html
GLAMIRA Apple Watch® Case Kritinias,https://cdn-media.glamira.com/media/catalog/product/k/r/kritinias_view_2_1.jpg,18K Gold IP Plated 316L Stainless Steel Adorned with 30 Rainbow Swarovski Crystals,$251.00,https://www.glamira.com/glamira-apple-watchr-case-sarakino.html
GLAMIRA Apple Watch® Case Nisyros,https://cdn-media.glamira.com/media/catalog/product/n/i/nisyros_view_2.jpg,316L Stainless Steel,$503.00,https://www.glamira.com/glamira-apple-watchr-case-sarakino.html
