GLAMIRA Ring Ubwenzi,https://cdn-media.glamira.com/media/product/newgeneration/view/1/sku/14518ubwenzi/diamond/lab-grown-diamond_AAA/alloycolour/yellow.jpg,14K Yellow Gold & Lab Grown Diamond,$963.00,https://www.glamira.com/glamira-ring-ubwenzi.html
GLAMIRA Ring Available,https://cdn-media.glamira.com/media/product/newgeneration/view/1/sku/14518available/diamond/diamond-Brillant_AAA/alloycolour/yellow_white.jpg,14K Yellow & White Gold & Diamond,"$1,297.00",https://www.glamira.com/glamira-ring-ubwenzi.html
GLAMIRA Earring Manatua,https://cdn-media.glamira.com/media/product/newgeneration/view/1/sku/14518manatua/diamond/diamond-Brillant_AAA/alloycolour/yellow.jpg,14K Yellow Gold & Diamond,$438.00,https://www.glamira.com/glamira-ring-available.html
GLAMIRA Ring Unelma,https://cdn-media.glamira.com/media/product/newgeneration/view/1/sku/14518unelma/diamond/diamond-Brillant_AAA/stone2/diamond-Brillant_AAA/alloycolour/yellow.jpg,14K Yellow Gold & Diamond,"$1,620.00",https://www.glamira.com/glamira-ring-available.html
GLAMIRA Ring Kasetyan,https://cdn-media.glamira.com/media/product/newgeneration/view/1/sku/14518kasetyan/diamond/diamond-Brillant_AAA/alloycolour/yellow.jpg,14K Yellow Gold & Diamond,$682.00,https://www.glamira.com/glamira-earring-manatua.html
GLAMIRA Bracelet Contextualization,https://cdn-media.glamira.com/media/product/newgeneration/view/1/sku/14518contextualization/diamond/blackdiamond_AAA/stone2/blackdiamond_AAA/alloycolour/red.jpg,14K Rose Gold & Black Diamond,$777.00,https://www.glamira.com/glamira-earring-manatua.html
GLAMIRA Earring Paseduluran,https://cdn-media.glamira.com/media/product/newgeneration/view/1/sku/14518paseduluran/diamond/browndiamond_AAA/alloycolour/white.jpg,14K White Gold & Brown Diamond,$670.00,https://www.glamira.com/glamira-ring-unelma.html
GLAMIRA Earring Sbapna,https://cdn-media.glamira.com/media/product/newgeneration/view/1/sku/14518sbapna/alloycolour/yellow.jpg,14K Yellow Gold,$289.00,https://www.glamira.com/glamira-ring-unelma.html
GLAMIRA Earring Assuming,https://cdn-media.glamira.com/media/product/newgeneration/view/1/sku/14518assuming/diamond/yellow-sapphire_AAA/stone2/diamond-sapphire_AAA/alloycolour/red.jpg,14K Rose Gold & Yellow Sapphire & White Sapphire,$515.00,https://www.glamira.com/glamira-ring-kasetyan.html
GLAMIRA Necklace Damgo,https://cdn-media.glamira.com/media/product/newgeneration/view/1/sku/14518damgo/diamond/lab-grown-diamond_AAA/stone2/lab-grown-diamond_AAA/alloycolour/yellow.jpg,14K Yellow Gold & Lab Grown Diamond,$862.00,https://www.glamira.com/glamira-ring-kasetyan.html
GLAMIRA Bangle Availability,https://cdn-media.glamira.com/media/product/newgeneration/view/1/sku/14518availability/diamond/blackdiamond_AAA/stone2/blackdiamond_AAA/alloycolour/white.jpg,14K White Gold & Black Diamond,"$2,071.00",https://www.glamira.com/glamira-bracelet-contextualization.html
Women's Choker Necklace Assume,https://cdn-media.glamira.com/media/product/newgeneration/view/1/sku/14518assume/diamond/lab-grown-diamond_AAA/stone2/lab-grown-diamond_AAA/alloycolour/yellow.jpg,14K Yellow Gold & Lab Grown Diamond,"$1,813.00",https://www.glamira.com/glamira-bracelet-contextualization.html
GLAMIRA Bangle Memwa,https://cdn-media.glamira.com/media/product/newgeneration/view/1/sku/14518memwa/diamond/lab-grown-diamond_AAA/stone2/lab-grown-diamond_AAA/alloycolour/yellow.jpg,14K Yellow Gold & Lab Grown Diamond,"$3,284.00",https://www.glamira.com/glamira-earring-paseduluran.html
GLAMIRA Ring Hakili,https://cdn-media.glamira.com/media/product/newgeneration/view/1/sku/14518hakili/diamond/diamond-Brillant_AAA/alloycolour/white.jpg,14K White Gold & Diamond,"$1,056.00",https://www.glamira.com/glamira-earring-paseduluran.html
GLAMIRA Ring Beneficiary,https://cdn-media.glamira.com/media/product/newgeneration/view/1/sku/14518beneficiary/diamond/lab-grown-diamond_AAA/alloycolour/yellow.jpg,14K Yellow Gold & Lab Grown Diamond,"$1,126.00",https://www.glamira.com/glamira-earring-sbapna.html
GLAMIRA Ring Loyalitet,https://cdn-media.glamira.com/media/product/newgeneration/view/1/sku/14518loyalitet/diamond/diamond-Brillant_AAA/alloycolour/yellow.jpg,14K Yellow Gold & Diamond,$925.00,https://www.glamira.com/glamira-earring-sbapna.html
GLAMIRA Earring Mechta,https://cdn-media.glamira.com/media/product/newgeneration/view/1/sku/14518mechta/diamond/lab-grown-diamond_AAA/alloycolour/white.jpg,14K White Gold & Lab Grown Diamond,$319.00,https://www.glamira.com/glamira-earring-assuming.html
GLAMIRA Earring Geheugen,https://cdn-media.glamira.com/media/product/newgeneration/view/1/sku/14518geheugen/diamond/lab-grown-diamond_AAA/stone2/lab-grown-diamond_AAA/alloycolour/white.jpg,14K White Gold & Lab Grown Diamond,"$1,249.00",https://www.glamira.com/glamira-earring-assuming.html
GLAMIRA Earring Ametsa,https://cdn-media.glamira.com/media/product/newgeneration/view/1/sku/14518ametsa/diamond/black-sapphire_AAA/alloycolour/white.jpg,14K White Gold & Black Sapphire,$912.00,https://www.glamira.com/glamira-necklace-damgo.html
GLAMIRA Pendant Authoritatively,https://cdn-media.glamira.com/media/product/newgeneration/view/1/sku/14518authoritatively/diamond/lab-grown-diamond_AAA/stone2/lab-grown-diamond_AAA/alloycolour/yellow/accent/black.jpg,14K Yellow Gold & Lab Grown Diamond,"$1,473.00",https://www.glamira.com/glamira-necklace-damgo.html
GLAMIRA Ring Mohopolo,https://cdn-media.glamira.com/media/product/newgeneration/view/1/sku/14518mohopolo/diamond/bluediamond_A/alloycolour/white.jpg,14K White Gold & Blue Diamond,"$1,424.00",https://www.glamira.com/glamira-bangle-availability.html
GLAMIRA Ring Authoritative,https://cdn-media.glamira.com/media/product/newgeneration/view/1/sku/14518authoritative/diamond/lab-grown-diamond_AAA/alloycolour/yellow.jpg,14K Yellow Gold & Lab Grown Diamond,"$1,340.00",https://www.glamira.com/glamira-bangle-availability.html
GLAMIRA Ring Beneficial,https://cdn-media.glamira.com/media/product/newgeneration/view/1/sku/14518beneficial/diamond/emerald_AAA/alloycolour/yellow.jpg,14K Yellow Gold & Emerald,"$1,278.00",https://www.glamira.com/glamira-paperclip-assume.html
GLAMIRA Pendant Makarfi,https://cdn-media.glamira.com/media/product/newgeneration/view/1/sku/14518makarfi/diamond/diamond-Brillant_AAA/alloycolour/yellow.jpg,14K Yellow Gold & Diamond,"$1,100.00",https://www.glamira.com/glamira-paperclip-assume.html
GLAMIRA Pendant Mimpi,https://cdn-media.glamira.com/media/product/newgeneration/view/1/sku/14518mimpi/diamond/sapphire_AAA/stone2/diamond-sapphire_AAA/alloycolour/yellow.jpg,14K Yellow Gold & Sapphire & White Sapphire,"$1,052.00",https://www.glamira.com/glamira-bangle-memwa.html
GLAMIRA Airpods® Context,https://cdn-media.glamira.com/media/product/newgeneration/view/1/sku/14518context/diamond/lab-grown-diamond_AAA/alloycolour/yellow.jpg,14K Yellow Gold & Lab Grown Diamond,$843.00,https://www.glamira.com/glamira-bangle-memwa.html
GLAMIRA Pendant Assumption,https://cdn-media.glamira.com/media/product/newgeneration/view/1/sku/14518assumption/diamond/lab-grown-diamond_AAA/alloycolour/yellow.jpg,14K Yellow Gold & Lab Grown Diamond,"$1,382.00",https://www.glamira.com/glamira-ring-hakili.html
GLAMIRA Bracelet Lealdade,https://cdn-media.glamira.com/media/product/newgeneration/view/1/sku/14518lealdade/diamond/sapphire_AAA/stone2/diamond-sapphire_AAA/alloycolour/yellow.jpg,14K Yellow Gold & Sapphire & White Sapphire,"$2,563.00",https://www.glamira.com/glamira-ring-hakili.html
GLAMIRA Earring Teriya,https://cdn-media.glamira.com/media/product/newgeneration/view/1/sku/14518teriya/diamond/lab-grown-diamond_AAA/alloycolour/yellow.jpg,14K Yellow Gold & Lab Grown Diamond,$858.00,https://www.glamira.com/glamira-ring-beneficiary.html
GLAMIRA Airpods® Erinnerunq,https://cdn-media.glamira.com/media/product/newgeneration/view/1/sku/14518erinnerunq/diamond/lab-grown-diamond_AAA/alloycolour/yellow.jpg,14K Yellow Gold & Lab Grown Diamond,$966.00,https://www.glamira.com/glamira-ring-beneficiary.html
GLAMIRA Airpods® Contextual,https://cdn-media.glamira.com/media/product/newgeneration/view/1/sku/14518contextual/diamond/lab-grown-diamond_AAA/alloycolour/yellow.jpg,14K Yellow Gold & Lab Grown Diamond,$505.00,https://www.glamira.com/glamira-ring-loyalitet.html
GLAMIRA Bangle Authority,https://cdn-media.glamira.com/media/product/newgeneration/view/1/sku/14518authority/diamond/lab-grown-diamond_AAA/stone2/lab-grown-diamond_AAA/alloycolour/yellow.jpg,14K Yellow Gold & Lab Grown Diamond,"$8,634.00",https://www.glamira.com/glamira-ring-loyalitet.html
GLAMIRA Ring Yuxu,https://cdn-media.glamira.com/media/product/newgeneration/view/1/sku/14518yuxu/diamond/sapphire_AAA/stone2/diamond-sapphire_AAA/alloycolour/yellow.jpg,14K Yellow Gold & Sapphire & White Sapphire,$982.00,https://www.glamira.com/glamira-earring-mechta.html
GLAMIRA Ring Unistus,https://cdn-media.glamira.com/media/product/newgeneration/view/1/sku/14518unistus/diamond/sapphire_AAA/stone2/diamond-sapphire_AAA/stone3/diamond-sapphire_AAA/alloycolour/yellow.jpg,14K Yellow Gold & Sapphire & White Sapphire,$801.00,https://www.glamira.com/glamira-earring-mechta.html
GLAMIRA Earring Dreemen,https://cdn-media.glamira.com/media/product/newgeneration/view/1/sku/14518dreemen/diamond/sapphire_AAA/alloycolour/yellow.jpg,14K Yellow Gold & Sapphire,$806.00,https://www.glamira.com/glamira-earring-geheugen.html
GLAMIRA Bangle Nqimpi,https://cdn-media.glamira.com/media/product/newgeneration/view/1/sku/14518nqimpi/diamond/lab-grown-diamond_AAA/alloycolour/yellow.jpg,14K Yellow Gold & Lab Grown Diamond,"$1,979.00",https://www.glamira.com/glamira-earring-geheugen.html
